address,countryName,hotelName,locality,postalCode,price,rating,region
"New York,_",United States,The London NYC,New York,10019,496,,New York
"New York,_",United States,"PUBLIC, an Ian Schrager hotel",New York,10002,395,,New York
"New York,_",United States,RIU Plaza New York Times Square,New York,10036,,,New York
"New York,_",United States,YOTEL New York,New York,10036,207,,New York
"New York,_",United States,Pod Times Square,New York,10036,151,,New York
"New York,_",United States,The Belvedere Hotel,New York,10036,220,,New York
"New York,_",United States,"The Roosevelt Hotel, New York City",New York,10017,206,,New York
"Brooklyn,_",United States,"The LOOK Hotel,Red Hook, an Ascend Hotel Collection Member",Brooklyn,11231,111,,Brooklyn
"New York,_",United States,Hotel Edison,New York,10036,203,,New York
"New York,_",United States,Pod 39,New York,10016,166,,New York
"New York,_",United States,Pod 51,New York,10022,145,,New York
"New York,_",United States,The Watson Hotel,New York,10019-3013,188,,New York
"New York,_",United States,Stewart Hotel,New York,10001,224,,New York
"New York,_",United States,The Lucerne Hotel,New York,10024,230,,New York
"New York,_",United States,TRYP By Wyndham Times Square South,New York,10001,237,,New York
"New York,_",United States,Park Central Hotel New York,New York,10019,245,,New York
"New York,_",United States,Colonial House Inn,New York,10011,155,,New York
"New York,_",United States,Westgate New York City,New York,10017,266,,New York
"New York,_",United States,Carvi Hotel New York,New York,10022,249,,New York
"New York,_",United States,Hotel St. James,New York,10036,209,,New York
"New York,_",United States,"Hudson New York, Central Park",New York,10019,186,,New York
"New York,_",United States,Hotel 32 32,New York,10016,266,,New York
"New York,_",United States,Row NYC,New York,10036,207,,New York
"New York,_",United States,Concorde Hotel New York,New York,10022,295,,New York
"New York,_",United States,Wellington Hotel,New York,10019,215,,New York
"New York,_",United States,The Manhattan Club,New York,10019,280,,New York
"New York,_",United States,CITY ROOMS NYC - Times Square,New York,10036,179,,New York
"New York,_",United States,Empire Hotel,New York,10023,280,,New York
"New York,_",United States,Hotel 31,New York,10016,102,,New York
"New York,_",United States,The Townhouse Inn of Chelsea,New York,10011,229,,New York
"New York,_",United States,Washington Jefferson Hotel,New York,10019,194,,New York
"New York,_",United States,Salisbury Hotel,New York,10019,248,,New York
"New York,_",United States,Radio City Apartments,New York,10019,230,,New York
"New York,_",United States,The Lombardy Hotel,New York,10022,331,,New York
"New York,_",United States,Room Mate Grace Boutique Hotel,New York,10036,260,,New York
"New York,_",United States,The New Yorker A Wyndham Hotel,New York,10001,197,,New York
"New York,_",United States,TEN15NYC,New York,10018,195,,New York
"New York,_",United States,Travel Inn Hotel,New York,10036,180,,New York
"New York,_",United States,Paramount Times Square,New York,10036,198,,New York
"New York,_",United States,Seton Hotel,New York,10016,179,,New York
"New York,_",United States,Millennium Premier New York Times Square,New York,10036,311,,New York
"New York,_",United States,The Franklin Hotel,New York,10128,161,,New York
"New York,_",United States,"Club Quarters Hotel, Grand Central",New York,10017,278,,New York
"New York,_",United States,Chelsea Savoy Hotel,New York,10011,185,,New York
"New York,_",United States,The Roger Smith Hotel,New York,10017,314,,New York
"New York,_",United States,Comfort Inn Midtown West,New York,10036,161,,New York
"New York,_",United States,East Village Hotel,New York,10003,242,,New York
"New York,_",United States,Hotel Belleclaire,New York,10024,212,,New York
"New York,_",United States,Arlo NoMad,New York,10016,278,,New York
"New York,_",United States,Hotel Newton,New York,10025,127,,New York
"New York,_",United States,Hotel Boutique at Grand Central,New York,10017,269,,New York
"New York,_",United States,HGU New York,New York,10016,271,,New York
"New York,_",United States,citizenM New York Times Square,New York,10019,314,,New York
"New York,_",United States,Da Vinci Hotel,New York,10019,199,,New York
"New York,_",United States,The Manhattan at Times Square Hotel,New York,10019,213,,New York
"New York,_",United States,Millennium Broadway New York Times Square,New York,10036,305,,New York
"New York,_",United States,Mayfair New York,New York,10019,161,,New York
"New York,_",United States,The Gallivant Times Square,New York,10036,194,,New York
"New York,_",United States,414 Hotel,New York,10036,260,,New York
"New York,_",United States,"The Roosevelt Hotel, New York City",New York,10017,206,,New York
"New York,_",United States,"Night Hotel Theater District, Times Square",New York,10036,296,,New York
"New York,_",United States,Avalon Hotel,New York,10016,205,,New York
"New York,_",United States,WestHouse New York,New York,10019,415,,New York
"New York,_",United States,Skyline Hotel,New York,10019,169,,New York
"New York,_",United States,Hotel Mela Times Square,New York,10036,234,,New York
"New York,_",United States,Distrikt Hotel New York City,New York,10018,256,,New York
"New York,_",United States,Ameritania at Times Square,New York,10019,322,,New York
"New York,_",United States,LUMA Hotel Times Square,New York,10036,460,,New York
"New York,_",United States,Holiday Inn Express New York - Manhattan West Side,New York,10036,246,,New York
"New York,_",United States,Midtown West Hotel,New York,10001,179,,New York
"New York,_",United States,The Moderne,New York,10019,332,,New York
"New York,_",United States,The Roger,New York,10016,379,,New York
"New York,_",United States,Night Hotel Times Square,New York,10036,289,,New York
"New York,_",United States,Royalton Park Avenue,New York,10016,446,,New York
"New York,_",United States,The Library Hotel by Library Hotel Collection,New York,10017,404,,New York
"New York,_",United States,Belnord Hotel,New York,10024,189,,New York
"New York,_",United States,Sanctuary Hotel New York,New York,10036,379,,New York
"New York,_",United States,Bentley Hotel,New York,10065,348,,New York
"New York,_",United States,Manhattan Broadway Budget Hotel,New York,10018,143,,New York
"New York,_",United States,Hilton Times Square,New York,10036,313,,New York
"New York,_",United States,Shelburne Hotel & Suites by Affinia,New York,10016,277,,New York
"New York,_",United States,DoubleTree Suites by Hilton New York City - Times Square,New York,10036,287,,New York
"New York,_",United States,NYLO New York City,New York,10024,279,,New York
"New York,_",United States,Hotel Elysee by Library Hotel Collection,New York,10022,484,,New York
"New York,_",United States,INNSIDE by Meli_ New York Nomad,New York,10001,345,,New York
"New York,_",United States,The Maritime Hotel,New York,10011,425,,New York
"New York,_",United States,Hudson River Hotel,New York,10018,149,,New York
"New York,_",United States,Dylan Hotel NYC,New York,10017,341,,New York
"New York,_",United States,Mondrian Park Avenue,New York,10016,455,,New York
"New York,_",United States,Marrakech Hotel,New York,10025,179,,New York
"New York,_",United States,Hilton Garden Inn New York Times Square South,New York,10018,240,,New York
"New York,_",United States,Iberostar 70 Park Avenue,New York,10016,322,,New York
"New York,_",United States,THE BROOME NYC,New York,10013,390,,New York
"New York,_",United States,Riverside Tower Hotel,New York,10024,159,,New York
"New York,_",United States,Hampton Inn Manhattan/Times Square Central,New York,10036,277,,New York
"New York,_",United States,Aliz Hotel Times Square,New York,10018,263,,New York
"New York,_",United States,Casablanca Hotel by Library Hotel Collection,New York,10036,431,,New York
"New York,_",United States,New York Marriott Marquis,New York,10036,390,,New York
"New York,_",United States,The James New York- SoHo,New York,10013,419,,New York
"New York,_",United States,Park South Hotel,New York,10016,368,,New York
"New York,_",United States,Hilton Garden Inn New York-Times Square Central,New York,10036,284,,New York
"New York,_",United States,Hotel Americano,New York,10001,385,,New York
"New York,_",United States,The Pearl New York,New York,10019,430,,New York
"New York,_",United States,Parker New York,New York,10019,483,,New York
"New York,_",United States,Lord & Moris,New York,10018,223,,New York
"New York,_",United States,The Standard East Village,New York,10003,474,,New York
"New York,_",United States,The James New York - NoMad,New York,10016,419,,New York
"New York,_",United States,Novotel New York - Times Square,New York,10019,323,,New York
"New York,_",United States,Econo Lodge Times Square,New York,10036,179,,New York
"New York,_",United States,Homewood Suites New York/Midtown Manhattan Times Square,New York,10018,296,,New York
"New York,_",United States,Broadway at Times Square Hotel,New York,10036,275,,New York
"New York,_",United States,U Hotel Fifth Avenue,New York,10016,281,,New York
"New York,_",United States,Amsterdam Court Hotel,New York,10019,247,,New York
"New York,_",United States,NoMo SoHo,New York,10013,430,,New York
"New York,_",United States,The High Line Hotel,New York,10011,459,,New York
"New York,_",United States,citizenM New York Bowery,New York,10002,279,,New York
"New York,_",United States,DoubleTree by Hilton New York Times Square West,New York,10018,288,,New York
"New York,_",United States,Hilton Garden Inn Times Square,New York,10019,276,,New York
"New York,_",United States,The Redbury New York,New York,10016,389,,New York
"New York,_",United States,Crowne Plaza Times Square Manhattan,New York,10019,320,,New York
"New York,_",United States,Hampton Inn Madison Square Garden Area Hotel,New York,10001,278,,New York
"New York,_",United States,Fitzpatrick Grand Central,New York,10017,418,,New York
"New York,_",United States,Holiday Inn New York City - Times Square,New York,10018,260,,New York
"New York,_",United States,Moxy NYC Times Square,New York,10018,313,,New York
"New York,_",United States,Hotel Plaza Athenee,New York,10065,524,,New York
"New York,_",United States,Fairfield Inn by Marriott New York Manhattan/Times Square,New York,10018,271,,New York
"New York,_",United States,"GEM Hotel - Chelsea, an Ascend Hotel Collection Member",New York,10011,254,,New York
"New York,_",United States,Hotel Hayden,New York,10001,300,,New York
"New York,_",United States,Cambria Hotel New York - Chelsea,New York,10001,319,,New York
"New York,_",United States,Excelsior Hotel,New York,10024,278,,New York
"New York,_",United States,Comfort Inn Times Square West,New York,10036,242,,New York
"New York,_",United States,6 Columbus - a SIXTY Hotel,New York,10019,314,,New York
"New York,_",United States,"The Langham, New York, Fifth Avenue",New York,10018,829,,New York
"New York,_",United States,Holiday Inn Manhattan 6th Ave - Chelsea,New York,10001,263,,New York
"New York,_",United States,Hilton Garden Inn New York/Manhattan-Midtown East,New York,10022,295,,New York
"New York,_",United States,The Time New York,New York,10019,399,,New York
"New York,_",United States,The Bowery Hotel,New York,10003,575,,New York
"New York,_",United States,Soho Grand Hotel,New York,10013,422,,New York
"New York,_",United States,Omni Berkshire Place,New York,10022,539,,New York
"New York,_",United States,SIXTY SoHo,New York,10012,525,,New York
"New York,_",United States,Hampton Inn Manhattan/Times Square South,New York,10018,266,,New York
"New York,_",United States,Fairfield Inn & Suites New York Midtown Manhattan/Penn Station,New York,10001,358,,New York
"New York,_",United States,InterContinental - New York Times Square,New York,10036,393,,New York
"New York,_",United States,San Carlos Hotel,New York,10022,401,,New York
"New York,_",United States,Hampton Inn Manhattan/United Nations,New York,10017,287,,New York
"New York,_",United States,Hampton Inn Manhattan-Chelsea,New York,10011,325,,New York
"New York,_",United States,Gardens Suites Hotel by Affinia,New York,10065,382,,New York
"New York,_",United States,Hotel Pennsylvania,New York,10001,133,,New York
"New York,_",United States,The Kimberly Hotel,New York,10022,474,,New York
"New York,_",United States,Hilton Garden Inn New York/Central Park South-Midtown West,New York,10019,314,,New York
"New York,_",United States,DoubleTree by Hilton New York City - Chelsea,New York,10001,296,,New York
"New York,_",United States,Days Inn by Wyndham Hotel New York City-Broadway,New York,10025,160,,New York
"New York,_",United States,Staybridge Suites Times Square,New York,10018,297,,New York
"New York,_",United States,Wingate by Wyndham Manhattan Midtown,New York,10001,269,,New York
"New York,_",United States,EVEN Hotel New York- Midtown East,New York,10017,359,,New York
"New York,_",United States,Clarion Hotel Park Avenue,New York,10016,199,,New York
"New York,_",United States,Kimpton Ink48 Hotel,New York,10036,374,,New York
"New York,_",United States,Four Points By Sheraton Manhattan Midtown West,New York,10001,340,,New York
"New York,_",United States,The Marmara Manhattan,New York,10128,252,,New York
"New York,_",United States,Candlewood Suites New York City-Times Square,New York,10018,254,,New York
"New York,_",United States,W New York - Times Square,New York,10036,509,,New York
"New York,_",United States,Hilton Garden Inn New York/Midtown Park Ave,New York,10016,312,,New York
"New York,_",United States,Hilton New York Fashion District,New York,10001,335,,New York
"New York,_",United States,Hampton Inn Times Square North,New York,10019,297,,New York
"New York,_",United States,Four Points by Sheraton Midtown-Times Square,New York,10018,305,,New York
"New York,_",United States,Loews Regency New York Hotel,New York,10065,759,,New York
"New York,_",United States,Four Points by Sheraton Manhattan - Chelsea,New York,10001,359,,New York
"New York,_",United States,Best Western Plus Hospitality House,New York,10017,387,,New York
"New York,_",United States,"The Bernic Hotel New York City, Tapestry Collection by Hilton",New York,10017,379,,New York
"New York,_",United States,The Hotel @ New York City,New York,10016,284,,New York
"New York,_",United States,Northern Lights Mansion,New York,10027,198,,New York
"New York,_",United States,Fifty Hotel & Suites by Affinia,New York,10022,423,,New York
"New York,_",United States,Holiday Inn Express New York City Times Square,New York,10018,297,,New York
"New York,_",United States,Element New York Times Square West,New York,10018,319,,New York
"New York,_",United States,Hyatt Centric Times Square New York,New York,10036,484,,New York
"New York,_",United States,DoubleTree by Hilton Metropolitan - New York City,New York,10022,385,,New York
"New York,_",United States,The London NYC,New York,10019,496,,New York
"New York,_",United States,Sheraton New York Times Square Hotel,New York,10019,414,,New York
"New York,_",United States,"The Renwick Hotel New York City, Curio Collection by Hilton",New York,10016,385,,New York
"New York,_",United States,The Michelangelo Hotel,New York,10019,540,,New York
"New York,_",United States,Hilton Garden Inn New York/Manhattan-Chelsea,New York,10001,329,,New York
"New York,_",United States,Hyatt Union Square New York,New York,10003,533,,New York
"Brooklyn,_",United States,Pod Brooklyn,Brooklyn,11211,104,,Brooklyn
"New York,_",United States,Renaissance New York Midtown Hotel,New York,10035,499,,New York
"Long Island City,_",United States,Z NYC Hotel,Long Island City,11101,188,,Long Island City
"New York,_",United States,AC Hotel by Marriott New York Times Square,New York,10018,459,,New York
"Long Island City,_",United States,Ravel Hotel Trademark Collection by Wyndham,Long Island City,11101,161,,Long Island City
"New York,_",United States,Courtyard by Marriott New York Manhattan / Chelsea,New York,10001,449,,New York
"New York,_",United States,The Westin New York at Times Square,New York,10036,499,,New York
"New York,_",United States,The Kitano New York,New York,10016,447,,New York
"New York,_",United States,The Gregory Hotel,New York,10001,239,,New York
"New York,_",United States,Hyatt House New York/Chelsea,New York,10001,399,,New York
"New York,_",United States,Fitzpatrick Manhattan Hotel,New York,10022,428,,New York
"New York,_",United States,Millennium Hilton New York One UN Plaza,New York,10017,450,,New York
"New York,_",United States,West 57th Street by Hilton Club,New York,10019,566,,New York
"New York,_",United States,Hotel Shocard at Times Square,New York,10036,424,,New York
"New York,_",United States,"The Lexington Hotel, Autograph Collection",New York,10017,408,,New York
"New York,_",United States,AKA Times Square,New York,10036,519,,New York
"New York,_",United States,Royal Park Hotel and Hostel,New York,10025,96,,New York
"Long Island City,_",United States,The Paper Factory Hotel,Long Island City,11101,158,,Long Island City
"New York,_",United States,The Marmara Park Avenue,New York,10016,561,,New York
"New York,_",United States,The Marlton Hotel,New York,10011,295,,New York
"New York,_",United States,Courtyard by Marriott New York Manhattan/Times Square,New York,10018,489,,New York
"New York,_",United States,NobleDEN Hotel,New York,10013,185,,New York
"New York,_",United States,Nyma The New York Manhattan Hotel,New York,10001,180,,New York
"Long Island City,_",United States,Feather Factory,Long Island City,11101,115,,Long Island City
"New York,_",United States,Hotel Beacon,New York,10023,292,,New York
"New York,_",United States,The Sohotel,New York,10013,199,,New York
"New York,_",United States,The Benjamin,New York,10022,629,,New York
"Long Island City,_",United States,Hotel Nirvana,Long Island City,11101,110,,Long Island City
"Long Island City,_",United States,Best Western Plus Plaza Hotel,Long Island City,11101,153,,Long Island City
"Long Island City,_",United States,Nesva Hotel,Long Island City,11101,126,,Long Island City
"Long Island City,_",United States,LIC Hotel,Long Island City,11101,158,,Long Island City
"New York,_",United States,"The Chatwal, a Luxury Collection Hotel, New York City",New York,10036,835,,New York
"New York,_",United States,CITY ROOMS NYC - Soho,New York,10013,174,,New York
"New York,_",United States,The Lowell,New York,10065,885,,New York
"New York,_",United States,Broadway Plaza Hotel,New York,10001,242,,New York
"New York,_",United States,Sago Hotel,New York,10002,228,,New York
"New York,_",United States,Studios in New York,New York,10001,193,,New York
"New York,_",United States,The Jewel facing Rockefeller Center,New York,10017,278,,New York
"New York,_",United States,Residence Inn by Marriott New York Manhattan/Midtown East,New York,10017,499,,New York
"North Bergen,_",United States,Best Western Premier NYC Gateway Hotel,North Bergen,7047,168,,North Bergen
"Long Island City,_",United States,Red Lion Inn & Suites Long Island City,Long Island City,11101,150,,Long Island City
"New York,_",United States,JW Marriott Essex House New York,New York,10019,804,,New York
"New York,_",United States,Residence Inn New York Manhattan/Central Park,New York,10019,559,,New York
"New York,_",United States, AKA Smyth Tribeca,New York,10007,369,,New York
"New York,_",United States,The Gatsby Hotel,New York,10002,195,,New York
"New York,_",United States,The Frederick Hotel,New York,10007,263,,New York
"New York,_",United States,Redford Hotel,New York,10002,147,,New York
"New York,_",United States,Executive Hotel Le Soleil New York,New York,10018,299,,New York
"New York,_",United States,Heritage Hotel,New York,10010,195,,New York
"New York,_",United States,The Gotham Hotel,New York,10017,689,,New York
"New York,_",United States,InterContinental New York Barclay,New York,10017,621,,New York
"New York,_",United States,Americana Inn,New York,10018,119,,New York
"Corona,_",United States,Best Western Plus LaGuardia Airport Hotel Queens,Corona,11368-2624,123,,Corona
"New York,_",United States,"Club Quarters, Times Square - Midtown",New York,10036,269,,New York
"New York,_",United States,Courtyard by Marriott New York City Manhattan Midtown East,New York,10022,503,,New York
"New York,_",United States,Four Seasons Hotel New York,New York,10022,1095,,New York
"New York,_",United States,Hotel Wales,New York,10128,271,,New York
"New York,_",United States,The Nomad Suites & Apartments,New York,10001,189,,New York
"New York,_",United States,Wolcott Hotel,New York,10001,225,,New York
"New York,_",United States,Hotel Mulberry,New York,10013,209,,New York
"Secaucus,_",United States,La Quinta Inn & Suites Secaucus-Meadowlands,Secaucus,7094,113,,Secaucus
"New York,_",United States,Park Lane Hotel,New York,10019,360,,New York
"New York,_",United States,Crowne Plaza HY36 Midtown Manhattan,New York,10018,709,,New York
"New York,_",United States,Freehand New York,New York,10010,339,,New York
"New York,_",United States,Dream Midtown,New York,10019,340,,New York
"New York,_",United States,Cassa Hotel NY 45th Street,New York,10036,344,,New York
"New York,_",United States,Chelsea Inn,New York,10011,168,,New York
"New York,_",United States,"Club Quarters Hotel, Wall Street",New York,10005,237,,New York
"Brooklyn,_",United States,La Quinta Inn & Suites Brooklyn Downtown,Brooklyn,11215,149,,Brooklyn
"New York,_",United States,Renaissance New York Hotel 57,New York,10022,569,,New York
"New York,_",United States,The Hotel at Times Square,New York,10036,195,,New York
"New York,_",United States,Soho Garden Hotel,New York,10013,159,,New York
"New York,_",United States,The Bryant Park Hotel,New York,10018,446,,New York
"New York,_",United States,Orchard Street Hotel,New York,10002,212,,New York
"Long Island City,_",United States,Days Inn by Wyndham Long Island City,Long Island City,11101,110,,Long Island City
"New York,_",United States,Renovated 2 BR Central Park,New York,10036,399,,New York
"New York,_",United States,City Club Hotel,New York,10036,305,,New York
"Brooklyn,_",United States,Best Western Plus Arena Hotel,Brooklyn,11216,150,,Brooklyn
"New York,_",United States,Wyndham Garden Chinatown,New York,10002,263,,New York
"New York,_",United States,The Park Ave North,New York,10035,149,,New York
"New York,_",United States,The Inn at Irving Place,New York,10003,335,,New York
"New York,_",United States,SIXTY Lower East Side,New York,10002,355,,New York
"Brooklyn,_",United States,"Brooklyn Way Hotel, BW Premier Collection",Brooklyn,11232,141,,Brooklyn
"New York,_",United States,Arlo SoHo,New York,10013,323,,New York
"New York,_",United States,Park Hyatt New York,New York,10019,1095,,New York
"Jamaica,_",United States,Best Western Jamaica Inn,Jamaica,11435,120,,Jamaica
"New York,_",United States,Hotel Metro,New York,10001,334,,New York
"New York,_",United States,Best Western Bowery Hanbee Hotel,New York,10013,213,,New York
"New York,_",United States,Hotel 50 Bowery NYC,New York,10013,299,,New York
"New York,_",United States,Canal Loft Hotel,New York,10002,99,,New York
"New York,_",United States,Incentra Village Hotel,New York,10014,278,,New York
"Brooklyn,_",United States,NU Hotel Brooklyn,Brooklyn,11201,206,,Brooklyn
"Brooklyn,_",United States,Best Western Gregory Hotel,Brooklyn,11209,139,,Brooklyn
"Long Island City,_",United States,Howard Johnson by Wyndham Long Island City,Long Island City,11101,105,,Long Island City
"Brooklyn,_",United States,McCarren Hotel & Pool,Brooklyn,11249,260,,Brooklyn
"New York,_",United States,The Shoreham Hotel,New York,10019,291,,New York
"Secaucus,_",United States,Meadowlands Plaza Hotel,Secaucus,7094,139,,Secaucus
"Flushing,_",United States,John Hotel,Flushing,11354,135,,Flushing
"Brooklyn,_",United States,La Quinta Inn & Suites Brooklyn Central,Brooklyn,11216,159,,Brooklyn
"New York,_",United States,Off Soho Suites Hotel,New York,10002,179,,New York
"Brooklyn,_",United States,The Williamsburg Hotel,Brooklyn,11249,324,,Brooklyn
"Long Island City,_",United States,La Quinta Inn Queens (New York City),Long Island City,11101,150,,Long Island City
"New York,_",United States,Hotel Mimosa,New York,10002,177,,New York
"Brooklyn,_",United States,"Union Hotel, an Ascend Hotel Collection Member",Brooklyn,11217,110,,Brooklyn
"New York,_",United States,Best Western Premier Herald Square,New York,10018,246,,New York
"New York,_",United States,The Grand NYC,New York,10001,89,,New York
"New York,_",United States,The Lex NYC,New York,10010,299,,New York
"Brooklyn,_",United States,Hotel Le Jolie,Brooklyn,11211,189,,Brooklyn
"Brooklyn,_",United States,The Box House Hotel,Brooklyn,11222,249,,Brooklyn
"Long Island City,_",United States,The Boro Hotel,Long Island City,11101,179,,Long Island City
"New York,_",United States,Mr. C Hotel Seaport,New York,10038,357,,New York
"New York,_",United States,The Mansfield Hotel,New York,10036,305,,New York
"New York,_",United States,Edge Hotel,New York,10032,219,,New York
"Elizabeth,_",United States,"Country Inn & Suites by Radisson, Newark Airport, NJ",Elizabeth,7201,93,,Elizabeth
"New York,_",United States,Chelsea Pines Inn,New York,10014,269,,New York
"New York,_",United States,the Quin,New York,10019,566,,New York
"Brooklyn,_",United States,The William Vale Hotel,Brooklyn,11249,379,,Brooklyn
"North Bergen,_",United States,Meadowlands View Hotel,North Bergen,7047,101,,North Bergen
"Flushing,_",United States,Hotel De Point,Flushing,11356,125,,Flushing
"New York,_",United States,Hotel On Rivington,New York,10002,356,,New York
"New York,_",United States,The Ludlow Hotel,New York,10002,360,,New York
"Clifton,_",United States,La Quinta Inn & Suites Clifton/Rutherford,Clifton,7014,125,,Clifton
"New York,_",United States,Washington Square Hotel,New York,10011,299,,New York
"New York,_",United States,The Marcel at Gramercy,New York,10010,297,,New York
"Newark,_",United States,Best Western Plus Newark Airport West,Newark,7114,110,,Newark
"Long Island City,_",United States,"The Vue Hotel, an Ascend Hotel Collection Member",Long Island City,11101,135,,Long Island City
"East Elmhurst,_",United States,LaGuardia Plaza Hotel,East Elmhurst,11369,167,,East Elmhurst
"Newark,_",United States,Best Western Plus Robert Treat Hotel,Newark,7102,119,,Newark
"New York,_",United States,World Center Hotel,New York,10006,278,,New York
"New York,_",United States,Archer Hotel New York,New York,10018,459,,New York
"New York,_",United States,The Ridge Hotel,New York,10002,211,,New York
"Brooklyn,_",United States,Hotel Bliss,Brooklyn,11208,115,,Brooklyn
"Flushing,_",United States,Grandview Hotel New York,Flushing,11354,138,,Flushing
"Brooklyn,_",United States,"The LOOK Hotel,Red Hook, an Ascend Hotel Collection Member",Brooklyn,11231,111,,Brooklyn
"Bronx,_",United States,Best Western Plus Stadium Inn,Bronx,10452,144,,Bronx
"New York,_",United States,Walker Hotel Greenwich Village,New York,10011,445,,New York
"East Rutherford,_",United States,Hilton Meadowlands,East Rutherford,7073,139,,East Rutherford
"Long Island City,_",United States,Wyndham Garden Long Island City,Long Island City,11101,188,,Long Island City
"New York,_",United States,11 Howard,New York,10013,399,,New York
"New York,_",United States,Hotel Giraffe by Library Hotel Collection,New York,10016,404,,New York
"New York,_",United States,Chambers Hotel,New York,10019,383,,New York
"Brooklyn,_",United States,Bogart Hotel,Brooklyn,11206,116,,Brooklyn
"Long Island City,_",United States,Queens County Inn & Suites,Long Island City,11101,149,,Long Island City
"Jersey City,_",United States,Kensho Homes - Jersey City,Jersey City,7310,269,,Jersey City
"New York,_",United States,Gramercy Park Hotel,New York,10010,599,,New York
"New York,_",United States,Radisson Martinique on Broadway,New York,10001,263,,New York
"New York,_",United States,1 Hotel Central Park,New York,10019,619,,New York
"New York,_",United States,Cambria Hotel New York - Times Square,New York,10036,295,,New York
"New York,_",United States,3 West Club,New York,10019,250,,New York
"New York,_",United States,EVEN Hotel Times Square South,New York,10001,369,,New York
"Secaucus,_",United States,Meadowlands River Inn,Secaucus,7094,109,,Secaucus
"Brooklyn,_",United States,Hotel RL Brooklyn,Brooklyn,11221,211,,Brooklyn
"Flushing,_",United States,The Parc Hotel,Flushing,11354,152,,Flushing
"New York,_",United States,Trump International Hotel & Tower New York,New York,10023,759,,New York
"Long Island City,_",United States,Giorgio Hotel,Long Island City,11101,119,,Long Island City
"New York,_",United States,Eurostars Wall Street,New York,10005,239,,New York
"New York,_",United States,Moxy NYC Downtown,New York,10038,336,,New York
"New York,_",United States,New York Marriott East Side,New York,10017,684,,New York
"Brooklyn,_",United States,Hotel Le Bleu,Brooklyn,11215,180,,Brooklyn
"New York,_",United States,Madison LES Hotel,New York,10002,179,,New York
"Brooklyn,_",United States,Pointe Plaza Hotel,Brooklyn,11249,179,,Brooklyn
"New York,_",United States,Carnegie Hotel,New York,10019,449,,New York
"Fresh Meadows,_",United States,Wyndham Garden Fresh Meadows Flushing,Fresh Meadows,11365,143,,Fresh Meadows
"New York,_",United States,Royalton Hotel,New York,10036,386,,New York
"New York,_",United States,Renaissance New York Times Square Hotel,New York,10036,446,,New York
"New York,_",United States,Holiday Inn Express - New York City Chelsea,New York,10001,306,,New York
"Newark,_",United States,TRYP by Wyndham Newark Downtown,Newark,7102,145,,Newark
"New York,_",United States,"The Beekman, A Thompson Hotel",New York,10038,484,,New York
"Maspeth,_",United States,Comfort Inn & Suites LaGuardia Airport,Maspeth,11378,140,,Maspeth
"East Elmhurst,_",United States,ibis Styles New York LaGuardia Airport,East Elmhurst,11369,151,,East Elmhurst
"Secaucus,_",United States,Extended Stay America Secaucus - Meadowlands,Secaucus,7094,108,,Secaucus
"New York,_",United States,La Quinta Inn & Suites New York City Central Park,New York,10023,209,,New York
"New York,_",United States,Holiday Inn NYC - Lower East Side,New York,10002,243,,New York
"Secaucus,_",United States,Red Roof Inn PLUS+ Secaucus - Meadowlands - NYC,Secaucus,7094,93,,Secaucus
"New York,_",United States,Refinery Hotel,New York,10018,529,,New York
"New York,_",United States,The Central Park North,New York,10026,129,,New York
"Long Island City,_",United States,Holiday Inn - Long Island City - Manhattan View,Long Island City,11101,197,,Long Island City
"New York,_",United States,Grand Hyatt New York,New York,10017,436,,New York
"Brooklyn,_",United States,The Tillary Hotel,Brooklyn,11201,309,,Brooklyn
"New York,_",United States,The Kimpton Muse Hotel,New York,10036,469,,New York
"New York,_",United States,The Nolitan,New York,10012,425,,New York
"Bronx,_",United States,Comfort Inn & Suites near Stadium,Bronx,10451,143,,Bronx
"New York,_",United States,The Sherry Netherland,New York,10022,599,,New York
"Fort Lee,_",United States,Best Western Fort Lee,Fort Lee,7024,106,,Fort Lee
"Brooklyn,_",United States,Bklyn House,Brooklyn,11206,144,,Brooklyn
"New York,_",United States,The Wagner Hotel,New York,10004,368,,New York
"Long Island City,_",United States,Ramada by Wyndham Long Island City,Long Island City,11101,107,,Long Island City
"Jersey City,_",United States,Candlewood Suites Jersey City - Harborside,Jersey City,7302,206,,Jersey City
"Brooklyn,_",United States,Franklin Guesthouse,Brooklyn,11222,409,,Brooklyn
"Brooklyn,_",United States,Aloft New York Brooklyn,Brooklyn,11201,259,,Brooklyn
"New York,_",United States,Gansevoort Meatpacking,New York,10018,567,,New York
"Jersey City,_",United States,UBliss Suites @ 70 Greene,Jersey City,7302,189,,Jersey City
"Jersey City,_",United States,M Suites at Newport,Jersey City,7310,169,,Jersey City
"New York,_",United States,Q&A Residential Hotel,New York,10005,398,,New York
"New York,_",United States,The Peninsula New York,New York,10019,1016,,New York
"New York,_",United States,The Dominick,New York,10013,600,,New York
"Secaucus,_",United States,Hilton Garden Inn Secaucus/Meadowlands,Secaucus,7094,167,,Secaucus
"New York,_",United States,Roxy Hotel Tribeca,New York,10013,406,,New York
"Brooklyn,_",United States,"Gowanus Inn & Yard, An Ascend Hotel Collection Member",Brooklyn,11217,119,,Brooklyn
"Flushing,_",United States,Best Western Queens Court Hotel,Flushing,11354,127,,Flushing
"Flushing,_",United States,Marco LaGuardia Hotel,Flushing,11354,179,,Flushing
"Brooklyn,_",United States,Hotel Indigo BROOKLYN,Brooklyn,11201,207,,Brooklyn
"Long Island City,_",United States,Fairfield Inn & Suites New York Queens/Queensboro Bridge,Long Island City,11101,203,,Long Island City
"Brooklyn,_",United States,Insignia Hotel An Ascend Hotel,Brooklyn,11220,120,,Brooklyn
"New York,_",United States,Courtyard New York Manhattan/Times Square West,New York,10018,339,,New York
"Brooklyn,_",United States,1 Hotel Brooklyn Bridge,Brooklyn,11201,549,,Brooklyn
"Flushing,_",United States,The One Boutique Hotel,Flushing,11354,159,,Flushing
"Brooklyn,_",United States,La Quinta Inn & Suites Brooklyn East,Brooklyn,11233,199,,Brooklyn
"Brooklyn,_",United States,EVEN Hotel Brooklyn,Brooklyn,11217,228,,Brooklyn
"New York,_",United States,"Hotel Henri, A Wyndham Hotel",New York,10010,299,,New York
"New York,_",United States,Ace Hotel New York,New York,10001,359,,New York
"East Elmhurst,_",United States,Aloft New York LaGuardia Airport,East Elmhurst,11369,188,,East Elmhurst
"New York,_",United States,"Club Quarters Hotel, World Trade Center",New York,10006,296,,New York
"Secaucus,_",United States,Extended Stay America - Secaucus - New York City Area,Secaucus,7094,130,,Secaucus
"Flushing,_",United States,Prince Flushing Hotel,Flushing,11354,139,,Flushing
"New York,_",United States,The Mark,New York,10075,795,,New York
"New York,_",United States,The Wall Street Inn,New York,10004,314,,New York
"Brooklyn,_",United States,Holiday Inn Brooklyn Downtown,Brooklyn,11217,207,,Brooklyn
"Jersey City,_",United States,Hyatt Regency Jersey City on the Hudson,Jersey City,7302,334,,Jersey City
"New York,_",United States,The Hotel 91,New York,10002,172,,New York
"Brooklyn,_",United States,The Brooklyn,Brooklyn,11216,189,,Brooklyn
"Brooklyn,_",United States,Sleep Inn Brooklyn Downtown,Brooklyn,11232,125,,Brooklyn
"Jamaica,_",United States,Best Western JFK Airport Hotel,Jamaica,11434,152,,Jamaica
"Long Island City,_",United States,Quality Inn,Long Island City,11101,150,,Long Island City
"Long Island City,_",United States,Hyatt Place Long Island City/New York City,Long Island City,11101,227,,Long Island City
"Brooklyn,_",United States,Days Inn by Wyndham Brooklyn Borough Park,Brooklyn,11218,106,,Brooklyn
"Rego Park,_",United States,Wyndham Garden LaGuardia South,Rego Park,11374,169,,Rego Park
"New York,_",United States,Citadines Connect Fifth Avenue New York,New York,10036,295,,New York
"New York,_",United States,"The Solita Soho Hotel, an Ascend Hotel Collection Member",New York,10013,233,,New York
"Lyndhurst,_",United States,Quality Inn Meadowlands,Lyndhurst,7071,111,,Lyndhurst
"New York,_",United States,The Allen Hotel,New York,10002,260,,New York
"Long Island City,_",United States,Home2 Suites by Hilton NY Long Island City/Manhattan View,Long Island City,11101,211,,Long Island City
"Brooklyn,_",United States,Wyndham Garden Brooklyn Sunset Park,Brooklyn,11232,161,,Brooklyn
"New York,_",United States,New York Hilton Midtown,New York,10019,489,,New York
"Flushing,_",United States,Flushing Central Hotel,Flushing,11354,125,,Flushing
"North Bergen,_",United States,Quality Suites,North Bergen,7047,119,,North Bergen
"Newark,_",United States,Comfort Suites Newark,Newark,7104,94,,Newark
"New York,_",United States,Hotel Indigo Lower East Side New York,New York,10002,339,,New York
"New York,_",United States,The Assemblage John Street,New York,10038,409,,New York
"Edgewater,_",United States,Homewood Suites by Hilton Edgewater,Edgewater,7020,188,,Edgewater
"New York,_",United States,Hilton Garden Inn New York/West 35th Street,New York,10001,325,,New York
"New York,_",United States,SpringHill Suites by Marriott New York Midtown Manhattan,New York,10018,352,,New York
"Brooklyn,_",United States,Sheraton Brooklyn New York Hotel,Brooklyn,11201,329,,Brooklyn
"Fort Lee,_",United States,Holiday Inn GW Bridge-Fort Lee NYC Area,Fort Lee,7024,106,,Fort Lee
"Long Island City,_",United States,Aloft Long Island City - Manhattan View,Long Island City,11101,249,,Long Island City
"Brooklyn,_",United States,Hampton Inn Brooklyn Downtown NY,Brooklyn,11201,280,,Brooklyn
"Staten Island,_",United States,Victorian Bed & Breakfast,Staten Island,10310-1226,165,,Staten Island
"Newark,_",United States,Wyndham Garden Hotel Newark Airport,Newark,7114,93,,Newark
"New York,_",United States,Hilton Garden Inn Tribeca,New York,10013,304,,New York
"New York,_",United States,Hampton Inn New York - 35th Street - Empire State Building,New York,10001,325,,New York
"New York,_",United States,Baccarat Hotel and Residences New York,New York,10019,1295,,New York
"East Rutherford,_",United States,Extended Stay America - Meadowlands - East Rutherford,East Rutherford,7073,112,,East Rutherford
"New York,_",United States,Hyatt Herald Square New York,New York,10001,377,,New York
"Ridgefield Park,_",United States,Hampton Inn Ridgefield Park,Ridgefield Park,7660,110,,Ridgefield Park
"New York,_",United States,Park West Hotel,New York,10025,187,,New York
"Newark,_",United States,SpringHill Suites by Marriott Newark Liberty International,Newark,7114,119,,Newark
"New York,_",United States,Four Points By Sheraton New York Downtown,New York,10038,279,,New York
"Secaucus,_",United States,Candlewood Suites Secaucus,Secaucus,7094,140,,Secaucus
"New York,_",United States,Residence Inn by Marriott New York Manhattan/Times Square,New York,10018,399,,New York
"South Hackensack,_",United States,Travelodge by Wyndham South Hackensack,South Hackensack,7606,72,,South Hackensack
"Astoria,_",United States,Fairfield Inn by Marriott New York LaGuardia Airport/Astoria,Astoria,11103,199,,Astoria
"North Bergen,_",United States,Fairfield Inn & Suites by Marriott North Bergen,North Bergen,7047,206,,North Bergen
"Astoria,_",United States,Super 8 by Wyndham Long Island City LGA Hotel,Astoria,11106,119,,Astoria
"Carlstadt,_",United States,Econo Lodge Meadowlands,Carlstadt,7072,68,,Carlstadt
"Fort Lee,_",United States,DoubleTree by Hilton Fort Lee - George Washington Bridge,Fort Lee,7024,146,,Fort Lee
"New York,_",United States,The Plaza Hotel,New York,10019,835,,New York
"New York,_",United States,Sheraton Tribeca New York Hotel,New York,10013,369,,New York
"Elizabeth,_",United States,Renaissance Newark Airport Hotel,Elizabeth,7201,129,,Elizabeth
"Brooklyn,_",United States,Quality Inn near Sunset Park,Brooklyn,11220,127,,Brooklyn
"Brooklyn,_",United States,Brooklyn Motor Inn,Brooklyn,11231,140,,Brooklyn
"Hasbrouck Heights,_",United States,Hilton Hasbrouck Heights/Meadowlands,Hasbrouck Heights,7604,117,,Hasbrouck Heights
"Carlstadt,_",United States,Holiday Inn Express Hotel & Suites Meadowlands Area,Carlstadt,7072,137,,Carlstadt
"New York,_",United States,Leon Hotel,New York,10002,215,,New York
"Jersey City,_",United States,Hyatt House Jersey City,Jersey City,7302,294,,Jersey City
"New York,_",United States,Duane Street Hotel Tribeca,New York,10013,360,,New York
"Bronx,_",United States,Holiday Inn Express-Bronx,Bronx,10451,184,,Bronx
"Corona,_",United States,Paris Suites Hotel,Corona,11368,135,,Corona
"Jamaica,_",United States,Hillside Hotel,Jamaica,11435,150,,Jamaica
"Newark,_",United States,DoubleTree by Hilton Hotel Newark Airport,Newark,7114,116,,Newark
"Edgewater,_",United States,Comfort Inn,Edgewater,7020,149,,Edgewater
"Brooklyn,_",United States,Days Inn by Wyndham Brooklyn Marine Park,Brooklyn,11234,110,,Brooklyn
"Brooklyn,_",United States,Hilton Brooklyn New York,Brooklyn,11201,317,,Brooklyn
"Jamaica,_",United States,Holiday Inn New York JFK Airport Area,Jamaica,11422,176,,Jamaica
"New York,_",United States,The Surrey,New York,10021,716,,New York
"New York,_",United States,"Marriott Vacation Club Pulse, New York City",New York,10018,399,,New York
"New York,_",United States,"Gild Hall, A Thompson Hotel",New York,10038,449,,New York
"New York,_",United States,Fairfield Inn New York Manhattan/Financial District,New York,10038,350,,New York
"New York,_",United States,Four Points by Sheraton Manhattan SoHo Village,New York,10013,350,,New York
"Hasbrouck Heights,_",United States,Home2 Suites by Hilton Hasbrouck Heights,Hasbrouck Heights,7604,157,,Hasbrouck Heights
"New York,_",United States,Hotel Sofitel New York,New York,10036,584,,New York
"New York,_",United States,Hampton Inn Manhattan-Seaport-Financial District,New York,10038,302,,New York
"Whitestone,_",United States,Extended Stay America New York City - LaGuardia Airport,Whitestone,11357,135,,Whitestone
"New York,_",United States,Holiday Inn Manhattan-Financial District,New York,10006,342,,New York
"New York,_",United States,Embassy Suites by Hilton New York Midtown Manhattan,New York,10018,426,,New York
"Secaucus,_",United States,Rodeway Inn Meadowlands,Secaucus,7094,80,,Secaucus
"New York,_",United States,Courtyard by Marriott New York Manhattan/Herald Square,New York,10001,413,,New York
"Long Island City,_",United States,Courtyard Long Island City/New York Manhattan View,Long Island City,11101,305,,Long Island City
"Corona,_",United States,SpringHill Suites by Marriott New York LaGuardia Airport,Corona,11368,209,,Corona
"Brooklyn,_",United States,Condor Hotel,Brooklyn,11205,170,,Brooklyn
"Newark,_",United States,Howard Johnson Hotel by Wyndham Newark Airport,Newark,7114,79,,Newark
"Flushing,_",United States,Holiday Inn Express Laguardia Airport,Flushing,11368,180,,Flushing
"New York,_",United States,Green Holidays Apartments,New York,10001,160,,New York
"Ridgefield,_",United States,Days Inn by Wyndham Ridgefield NJ,Ridgefield,7657,89,,Ridgefield
"Jamaica,_",United States,Days Inn by Wyndham Jamaica / JFK Airport,Jamaica,11434,143,,Jamaica
"Hasbrouck Heights,_",United States,Holiday Inn Hasbrouck Heights-Meadowlands,Hasbrouck Heights,7604,120,,Hasbrouck Heights
"Newark,_",United States,Hotel Indigo Newark Downtown,Newark,7102,158,,Newark
"New York,_",United States,DoubleTree by Hilton New York City - Financial District,New York,10004,364,,New York
"Jersey City,_",United States,Residence Inn by Marriott Jersey City,Jersey City,7302,346,,Jersey City
"Jersey City,_",United States,Dream Home Luxury Suites,Jersey City,7310,433,,Jersey City
"Flushing,_",United States,Asiatic Hotel by LaGuardia Airport,Flushing,11354,143,,Flushing
"New York,_",United States,Macy Empire Apartments,New York,10001,190,,New York
"Bronx,_",United States,Opera House Hotel,Bronx,10455,135,,Bronx
"Jamaica,_",United States,Radisson Hotel JFK Airport,Jamaica,11436,152,,Jamaica
"Jersey City,_",United States,Skyview Luxury Suites - New York City,Jersey City,7310,189,,Jersey City
"Flushing,_",United States,Fairfield Inn by Marriott LaGuardia Airport/Flushing,Flushing,11354,209,,Flushing
"Staten Island,_",United States,Hampton Inn & Suites Staten Island,Staten Island,10314,128,,Staten Island
"New York,_",United States,Millennium Hilton New York Downtown,New York,10007,484,,New York
"New York,_",United States,Fairfield Inn & Suites New York Manhattan/Downtown East,New York,10002,305,,New York
"New York,_",United States,Life Hotel NoMad,New York,10001,409,,New York
"Ridgefield Park,_",United States,Hilton Garden Inn Ridgefield Park,Ridgefield Park,7660,161,,Ridgefield Park
"Carlstadt,_",United States,Hampton Inn Carlstadt,Carlstadt,7072,162,,Carlstadt
"Secaucus,_",United States,Holiday Inn Secaucus Meadowlands,Secaucus,7094,238,,Secaucus
"Long Island City,_",United States,Hilton Garden Inn Long Island City Queensboro Bridge,Long Island City,11101,325,,Long Island City
"New York,_",United States,Fairfield Inn & Suites by Marriott/World Trade Center Area,New York,10006,359,,New York
"Newark,_",United States,Fairfield Inn & Suites Newark Liberty International Airport,Newark,7114,129,,Newark
"New York,_",United States,"The Carlyle, A Rosewood Hotel",New York,10021,1305,,New York
"Elizabeth,_",United States,Extended Stay America Elizabeth - Newark Airport,Elizabeth,7021,112,,Elizabeth
"New York,_",United States,"Mandarin Oriental, New York",New York,10023,1295,,New York
"Newark,_",United States,Holiday Inn Newark Airport,Newark,7114,161,,Newark
"North Bergen,_",United States,Howard Johnson by Wyndham North Bergen,North Bergen,7047,81,,North Bergen
"Flushing,_",United States,Flushing Hotel,Flushing,11354,79,,Flushing
"Brooklyn,_",United States,Fairfield Inn & Suites by Marriott New York Brooklyn,Brooklyn,11217,309,,Brooklyn
"Brooklyn,_",United States,Delz Bed & Breakfast,Brooklyn,11236,150,,Brooklyn
"Jamaica,_",United States,Howard Johnson by Wyndham Jamaica JFK Airport NYC,Jamaica,11434,137,,Jamaica
"New York,_",United States,Residence Inn Marriott New York Downtown Manhattan/WTC Area,New York,10007,529,,New York
"New York,_",United States,Holiday Inn New York City - Wall Street,New York,10038,300,,New York
"New York,_",United States,W New York - Downtown,New York,10006,499,,New York
"East Rutherford,_",United States,Homewood Suites East Rutherford,East Rutherford,7073,212,,East Rutherford
"East Elmhurst,_",United States,New York LaGuardia Airport Marriott,East Elmhurst,11369,254,,East Elmhurst
"Elizabeth,_",United States,Courtyard Newark Elizabeth,Elizabeth,7201,152,,Elizabeth
"Jamaica,_",United States,Holiday Inn Express Kennedy Airport,Jamaica,11434,191,,Jamaica
"East Rutherford,_",United States,Fairfield Inn by Marriott East Rutherford Meadowlands,East Rutherford,7073,197,,East Rutherford
"New York,_",United States,Aloft Manhattan Downtown - Financial District,New York,10038,379,,New York
"Corona,_",United States,Corona Hotel,Corona,11368,143,,Corona
"Brooklyn,_",United States,The Justice Manor,Brooklyn,11205,135,,Brooklyn
"New York,_",United States,"The Pierre, A Taj Hotel, New York",New York,10065,925,,New York
"Jamaica,_",United States,Hotel Ninety Five,Jamaica,11435,110,,Jamaica
"New York,_",United States,The Hilton Club - New York,New York,10019,606,,New York
"Elizabeth,_",United States,Hampton Inn Newark Airport,Elizabeth,7207,130,,Elizabeth
"New York,_",United States,Hotel Hugo,New York,10013,342,,New York
"Newark,_",United States,Courtyard by Marriott Newark Liberty International Airport,Newark,7114,152,,Newark
"Newark,_",United States,Hilton Newark Penn Station,Newark,7102,227,,Newark
"Rutherford,_",United States,Extended Stay America Meadowlands - Rutherford,Rutherford,7073,112,,Rutherford
"Jamaica,_",United States,Hampton Inn JFK Airport,Jamaica,11436,189,,Jamaica
"Secaucus,_",United States,Residence Inn Secaucus Meadowlands,Secaucus,7094,329,,Secaucus
"Newark,_",United States,Courtyard Newark Downtown,Newark,7102,183,,Newark
"New York,_",United States,Holiday Inn Express New York City- Wall Street,New York,10005,329,,New York
"New York,_",United States,Hampton Inn Manhattan/Downtown-Financial District,New York,10004,368,,New York
"Jamaica,_",United States,Cozy and Quiet,Jamaica,11434,105,,Jamaica
"New York,_",United States,Conrad New York,New York,10282,622,,New York
"Elizabeth,_",United States,Motel 6 Elizabeth - Newark Liberty Intl Airport,Elizabeth,7201,79,,Elizabeth
"Elizabeth,_",United States,Hilton Newark Airport,Elizabeth,7201,163,,Elizabeth
"Newark,_",United States,Riviera Hotel,Newark,7108,69,,Newark
"Elizabeth,_",United States,Embassy Suites Newark Airport,Elizabeth,7201,161,,Elizabeth
"East Elmhurst,_",United States,Hampton Inn New York - LaGuardia Airport,East Elmhurst,11369,217,,East Elmhurst
"Secaucus,_",United States,Embassy Suites Secaucus - Meadowlands,Secaucus,7094,294,,Secaucus
"Bronx,_",United States,"Umbrella Hotel, An Ascend Hotel Collection Member",Bronx,10455,223,,Bronx
"Elizabeth,_",United States,Residence Inn Newark Elizabeth/Liberty International Airport,Elizabeth,7201,169,,Elizabeth
"Flushing,_",United States,Purple Garden Guesthouse LGA,Flushing,11355,188,,Flushing
"Brooklyn,_",United States,Kings Hotel,Brooklyn,11232,136,,Brooklyn
"New York,_",United States,The Jane Hotel,New York,10014,134,,New York
"Jamaica,_",United States,Hilton Garden Inn Queens/JFK Airport,Jamaica,11430,188,,Jamaica
"Jersey City,_",United States,DoubleTree by Hilton Hotel & Suites Jersey City,Jersey City,7310,424,,Jersey City
"Brooklyn,_",United States,Riviera Motor Inn Brooklyn,Brooklyn,11208,296,,Brooklyn
"Lyndhurst,_",United States,Courtyard by Marriott Lyndhurst Meadowlands,Lyndhurst,7071,189,,Lyndhurst
"New York,_",United States,Andaz Wall Street - a concept by Hyatt,New York,10005,534,,New York
"Teaneck,_",United States,"Hampton Inn & Suites Teaneck Glenpointe, NJ",Teaneck,7666,268,,Teaneck
"Flushing,_",United States,Sheraton LaGuardia East Hotel,Flushing,11354,294,,Flushing
"Flushing,_",United States,Hyatt Place Flushing/LaGuardia Airport,Flushing,11354,275,,Flushing
"South Hackensack,_",United States,Knights Inn South Hackensack NJ/NYC Area,South Hackensack,7606,80,,South Hackensack
"New York,_",United States,"The Ritz-Carlton New York, Central Park",New York,10019,1095,,New York
"Brooklyn,_",United States,New York Marriott at the Brooklyn Bridge,Brooklyn,11201,629,,Brooklyn
"Brooklyn,_",United States,Henry Norman Hotel,Brooklyn,11222,329,,Brooklyn
"New York,_",United States,"The Algonquin Hotel Times Square, Autograph Collection",New York,10036,702,,New York
"Jamaica,_",United States,Wingate by Wyndham Jamaica NY/ AirTrain JFK,Jamaica,11435,117,,Jamaica
"Harrison,_",United States,Hampton Inn & Suites Newark-Harrison-Riverwalk,Harrison,7029,157,,Harrison
"Jamaica,_",United States,Jets Motor Inn,Jamaica,11435,119,,Jamaica
"New York,_",United States,Andaz 5th Avenue - a concept by Hyatt,New York,10017,845,,New York
"Fresh Meadows,_",United States,Fairfield Inn & Suites New York Queens/Fresh Meadows,Fresh Meadows,11365,199,,Fresh Meadows
"Staten Island,_",United States,Ramada by Wyndham Staten Island,Staten Island,10314,110,,Staten Island
"Irvington,_",United States,Red Carpet Inn Newark Airport,Irvington,7111,64,,Irvington
"North Bergen,_",United States,Super 8 by Wyndham North Bergen NJ/NYC Area,North Bergen,7047,88,,North Bergen
"Rutherford,_",United States,Renaissance Meadowlands Hotel,Rutherford,7070,299,,Rutherford
"Bronx,_",United States,Residence Inn New York The Bronx At Metro Center Atrium,Bronx,10461,299,,Bronx
"Englewood,_",United States,Crowne Plaza Englewood,Englewood,7631,158,,Englewood
"New York,_",United States,AC Hotel by Marriott New York Downtown,New York,10038,356,,New York
"New York,_",United States,Courtyard New York Downtown Manhattan/World Trade Center,New York,10006,539,,New York
"Howard Beach,_",United States,Surfside Motel,Howard Beach,11414,136,,Howard Beach
"Teaneck,_",United States,Homewood Suites by Hilton Teaneck Glenpointe,Teaneck,7666,316,,Teaneck
"New York,_",United States,The NoMad Hotel,New York,10001,536,,New York
"East Rutherford,_",United States,Residence Inn by Marriott East Rutherford Meadowlands,East Rutherford,7073,299,,East Rutherford
"Teaneck,_",United States,Teaneck Marriott at Glenpointe,Teaneck,7666,287,,Teaneck
"Brooklyn,_",United States,Days Inn by Wyndham Brooklyn,Brooklyn,11232,105,,Brooklyn
"Brooklyn,_",United States,Phoenix Hotel,Brooklyn,11232,116,,Brooklyn
"New York,_",United States,The New York EDITION,New York,10010,956,,New York
"Flushing,_",United States,Ramada by Wyndham Flushing Queens,Flushing,11354,192,,Flushing
"New York,_",United States,The Iroquois New York,New York,10036,416,,New York
"Brooklyn,_",United States,Sleep Inn Coney Island,Brooklyn,11223,179,,Brooklyn
"Jamaica,_",United States,Crowne Plaza JFK Airport New York City,Jamaica,11436,237,,Jamaica
"Staten Island,_",United States,Hilton Garden Inn New York / Staten Island,Staten Island,10314,137,,Staten Island
"Jamaica,_",United States,Lexington Inn JFK Airport,Jamaica,11435,113,,Jamaica
"New York,_",United States,Holiday Inn Express Manhattan Times Square South,New York,10018,297,,New York
"Jamaica,_",United States,JFK Inn,Jamaica,11434,149,,Jamaica
"Jamaica,_",United States,Fairfield Inn by Marriott JFK Airport,Jamaica,11434,169,,Jamaica
"East Elmhurst,_",United States,Airway Inn at LaGuardia,East Elmhurst,11370,144,,East Elmhurst
"Little Ferry,_",United States,Rodeway Inn Capri,Little Ferry,7643,80,,Little Ferry
"New York,_",United States,CITY ROOMS NYC - Chelsea,New York,10001,129,,New York
"East Orange,_",United States,Ramada by Wyndham East Orange,East Orange,7018,76,,East Orange
"Clifton,_",United States,Howard Johnson by Wyndham Clifton NJ,Clifton,7012,80,,Clifton
"New York,_",United States,Windsor Hotel,New York,10002,171,,New York
"Long Island City,_",United States,Four Points by Sheraton Long Island City Queensboro Bridge,Long Island City,11101,245,,Long Island City
"Jamaica,_",United States,Howard Johnson by Wyndham Jamaica NY Near AirTrain JFK,Jamaica,11435,120,,Jamaica
"New York,_",United States,Four Seasons Hotel New York Downtown,New York,10007,1265,,New York
"New York,_",United States,Hyatt Place New York Midtown South,New York,10018,323,,New York
"Brooklyn,_",United States,Oasis Motel in Brooklyn,Brooklyn,11207,329,,Brooklyn
"Bronx,_",United States,Howard Johnson by Wyndham Bronx,Bronx,10460,123,,Bronx
"Jamaica,_",United States,Super 8 by Wyndham Jamaica North Conduit,Jamaica,11434,128,,Jamaica
"New York,_",United States,Dream Downtown,New York,10011,448,,New York
"New York,_",United States,36 Hudson Hotel,New York,10018,229,,New York
"New York,_",United States,Hilton Garden Inn NYC Financial Center/Manhattan Downtown,New York,10004,305,,New York
"Brooklyn,_",United States,onefinestay - Park Slope private homes,Brooklyn,11215,999,,Brooklyn
"New York,_",United States,Midtown Convention Center Hotel,New York,10018,210,,New York
"New York,_",United States,DoubleTree by Hilton Hotel New York - Times Square South,New York,10018,296,,New York
"Newark,_",United States,Newark Liberty International Airport Marriott,Newark,7114,284,,Newark
"Secaucus,_",United States,Hyatt Place Secaucus/Meadowlands,Secaucus,7094,332,,Secaucus
"Harrison,_",United States,Element Harrison - Newark,Harrison,7029,199,,Harrison
"New York,_",United States,The Maxwell New York City,New York,10022,404,,New York
"New York,_",United States,The Evelyn Hotel,New York,10016,216,,New York
"New York,_",United States,Vanderbilt YMCA,New York,10017,145,,New York
"New York,_",United States,SoHo 54 Hotel,New York,10013,263,,New York
"New York,_",United States,West Side YMCA,New York,10023,98,,New York
"Brooklyn,_",United States,NY Moore Hostel,Brooklyn,11206,76,,Brooklyn
"New York,_",United States,"The Paul, an Ascend Hotel Collection Member",New York,10001,197,,New York
"Brooklyn,_",United States,Green Point YMCA,Brooklyn,11222,99,,Brooklyn
"Jamaica,_",United States,Sleep Inn JFK Airport Rockaway Blvd,Jamaica,11434,127,,Jamaica
"New York,_",United States,The Bowery House,New York,10012,114,,New York
"Brooklyn,_",United States,Holiday Inn Express Brooklyn,Brooklyn,11215,183,,Brooklyn
"Brooklyn,_",United States,Red Carpet Inn New York City,Brooklyn,11237,150,,Brooklyn
"New York,_",United States,Harlem YMCA,New York,10030,94,,New York
"North Bergen,_",United States,Holiday Inn Express North Bergen Lincoln Tunnel,North Bergen,7047,117,,North Bergen
"New York,_",United States,New World Hotel,New York,10002,72,,New York
"East Elmhurst,_",United States,Comfort Inn LaGuardia Airport - 83rd St,East Elmhurst,11370,140,,East Elmhurst
"Flushing,_",United States,Flushing Ymca,Flushing,11354,100,,Flushing
"Newark,_",United States,Ramada Plaza by Wyndham Newark International Airport,Newark,7114,96,,Newark
"Maspeth,_",United States,Holiday Inn Express Maspeth,Maspeth,11378,168,,Maspeth
"New York,_",United States,Broadway Hotel and Hostel,New York,10025,50,,New York
"Elizabeth,_",United States,Crowne Plaza Newark Airport,Elizabeth,7201,119,,Elizabeth
"Corona,_",United States,Holiday Inn LaGuardia Airport,Corona,11368,180,,Corona
"Bronx,_",United States,Morris Guest House,Bronx,10453,109,,Bronx
"Bronx,_",United States,Sheridan Hotel,Bronx,10459,169,,Bronx
"Union City,_",United States,Explore Hotel & Hostel,Union City,7087,85,,Union City
"Jamaica,_",United States,Hilton New York JFK Airport,Jamaica,11436,287,,Jamaica
"Jamaica,_",United States,Par Central Motor Inn,Jamaica,11432,354,,Jamaica
"New York,_",United States,Bowery Grand Hotel,New York,10002,77,,New York
"Hillside,_",United States,iServices- Private Bed Near NYC-EWR,Hillside,7205,59,,Hillside
"Jersey City,_",United States,Travelodge by Wyndham Jersey City,Jersey City,7307,72,,Jersey City
"Jersey City,_",United States,15 Mins to Times SQ & World Trade Center,Jersey City,7307,85,,Jersey City
"Jersey City,_",United States,The Holland Hotel,Jersey City,7310,179,,Jersey City
"Roselle,_",United States,House - Private Room 1- Near NYC/EWR/OutletMall,Roselle,7204,52,,Roselle
"Roselle,_",United States,House - Private Room 2- Near NYC/EWR/OutletMall,Roselle,7204,52,,Roselle
"Jersey City,_",United States,Ramada by Wyndham Jersey City,Jersey City,7306,122,,Jersey City
"Hillside,_",United States,Private Room 2 - Near NYC/EWR/OutletMall,Hillside,7205,73,,Hillside
"Staten Island,_",United States,Staten Island New York Hotel,Staten Island,10314,135,,Staten Island
"Jersey City,_",United States,Haiban Inn,Jersey City,7306,99,,Jersey City
"Jersey City,_",United States,Holiday Inn Express & Suites Jersey City North - Hoboken,Jersey City,7307,166,,Jersey City
"Far Rockaway,_",United States,Inn Your Element B&B,Far Rockaway,11692,129,,Far Rockaway
"Jersey City,_",United States,Riverview Apartments 15 mins to NYC,Jersey City,7307,221,,Jersey City
"Bayside,_",United States,Adria Hotel And Conference Center,Bayside,11361,149,,Bayside
"Avenel,_",United States,Horizon Inn,Avenel,7001,75,,Avenel
"Edison,_",United States,The Edison Inn,Edison,8837,40,,Edison
"Great Neck,_",United States,"Inn at Great Neck, BW Premier Collection",Great Neck,11021,167,,Great Neck
"Great Neck,_",United States,The Andrew Hotel,Great Neck,11021,135,,Great Neck
"Fairfield,_",United States,La Quinta Inn & Suites Fairfield,Fairfield,7004,89,,Fairfield
"Kenilworth,_",United States,The Kenilworth,Kenilworth,7033,115,,Kenilworth
"Saddle Brook,_",United States,Crowne Plaza Saddle Brook,Saddle Brook,7663,123,,Saddle Brook
"Jersey City,_",United States,Caprice Suites,Jersey City,7306,135,,Jersey City
"Bayside,_",United States,Best Western Queens Gold Coast,Bayside,11361,159,,Bayside
"Yonkers,_",United States,Royal Regency Hotel,Yonkers,10710,150,,Yonkers
"Hillside,_",United States,iServices-STUDIO Near NYC-EWR,Hillside,7205,100,,Hillside
"Roslyn,_",United States,The Roslyn Hotel,Roslyn,11576,135,,Roslyn
"Pompton Plains,_",United States,Best Western Regency House Hotel,Pompton Plains,7444,92,,Pompton Plains
"Tenafly,_",United States,Clinton Inn Hotel & Event Center,Tenafly,7670,122,,Tenafly
"Bellerose,_",United States,Bellerose Inn,Bellerose,11426,119,,Bellerose
"Lawrence,_",United States,Five Towns Inn - JFK Airport,Lawrence,11559,149,,Lawrence
"Elmwood Park,_",United States,Red Carpet Inn Elmwood Park,Elmwood Park,7407,97,,Elmwood Park
"Rahway,_",United States,Watt Hotel,Rahway,7065,110,,Rahway
"Port Washington,_",United States,Knickerbocker Yacht Hotel,Port Washington,11050,199,,Port Washington
"Bayside,_",United States,Anchor Inn,Bayside,11361,122,,Bayside
"Montclair,_",United States,The George,Montclair,7042,279,,Montclair
"Bayonne,_",United States,Hudson Plaza Motel,Bayonne,7002,76,,Bayonne
"Summit,_",United States,Turkey Hill Inn,Summit,7901,120,,Summit
"Brooklyn,_",United States,Best Western Plus Brooklyn Bay Hotel,Brooklyn,11235,177,,Brooklyn
"Iselin,_",United States,APA Hotel Woodbridge,Iselin,8830,143,,Iselin
"Yonkers,_",United States,Courtyard by Marriott Yonkers Westchester County,Yonkers,10701,123,,Yonkers
"Garden City,_",United States,La Quinta Inn & Suites Garden City,Garden City,11530,129,,Garden City
"Parsippany,_",United States,Days Inn by Wyndham Parsippany,Parsippany,7054,67,,Parsippany
"Floral Park,_",United States,The Floral Park Motor Lodge,Floral Park,11001,98,,Floral Park
"Far Rockaway,_",United States,La Quinta Inn & Suites Far Rockaway - JFK Airport,Far Rockaway,11691,159,,Far Rockaway
"Ramsey,_",United States,Best Western The Inn At Ramsey,Ramsey,7446,93,,Ramsey
"Jersey City,_",United States,Rodeway Inn,Jersey City,7307,72,,Jersey City
"Jersey City,_",United States,Econo Lodge Jersey City,Jersey City,7307,80,,Jersey City
"Yonkers,_",United States,Hyatt Place New York/Yonkers,Yonkers,10704,161,,Yonkers
"Carteret,_",United States,Hotel Executive Suites,Carteret,7008,95,,Carteret
"Paramus,_",United States,Holiday Inn Express Paramus,Paramus,7652,124,,Paramus
"New Rochelle,_",United States,Radisson Hotel New Rochelle,New Rochelle,10801,161,,New Rochelle
"Nyack,_",United States,The Time Nyack,Nyack,10960,127,,Nyack
"Paramus,_",United States,Comfort Inn & Suites Paramus,Paramus,7652,122,,Paramus
"Fairfield,_",United States,Best Western Plus Fairfield Executive Inn,Fairfield,7004,144,,Fairfield
"Belleville,_",United States,Rodeway Inn,Belleville,7109,85,,Belleville
"Glen Cove,_",United States,Glen Cove Mansion Hotel,Glen Cove,11542,149,,Glen Cove
"Paramus,_",United States,"Hampton Inn Paramus, NJ",Paramus,7652,138,,Paramus
"Westbury,_",United States,Red Roof Inn PLUS+ Long Island - Garden City,Westbury,11590,110,,Westbury
"Merrick,_",United States,Gateway Inn,Merrick,11566,104,,Merrick
"Yonkers,_",United States,Hampton Inn & Suites Yonkers - Westchester,Yonkers,10710,148,,Yonkers
"Rahway,_",United States,Best Western Riverview Inn & Suites,Rahway,7065,110,,Rahway
"Westbury,_",United States,"Viana Hotel & Spa, BW Premier Collection",Westbury,11590,161,,Westbury
"Wayne,_",United States,Courtyard by Marriott Wayne Fairfield,Wayne,7470,142,,Wayne
"West Orange,_",United States,The Avenue Hotel,West Orange,7052,89,,West Orange
"Jericho,_",United States,Inn at Jericho,Jericho,11753,89,,Jericho
"Rockville Centre,_",United States,Best Western Mill River Manor,Rockville Centre,11570,192,,Rockville Centre
"Parsippany,_",United States,Red Roof Inn Parsippany,Parsippany,7054,64,,Parsippany
"East Norwich,_",United States,"East Norwich Inn-Oyster Bay, Long Island, NY",East Norwich,11732,84,,East Norwich
"Yonkers,_",United States,Hampton Inn & Suites Yonkers,Yonkers,10701,133,,Yonkers
"Fairfield,_",United States,Comfort Inn Fairfield,Fairfield,7004,90,,Fairfield
"Ardsley,_",United States,Ardsley Acres Hotel Westchester,Ardsley,10502,90,,Ardsley
"Rockville Centre,_",United States,Rockville Centre Inn,Rockville Centre,11570,149,,Rockville Centre
"Floral Park,_",United States,Quality Inn Floral Park,Floral Park,11001,98,,Floral Park
"Tarrytown,_",United States,Castle Hotel & Spa,Tarrytown,10591,259,,Tarrytown
"Long Beach,_",United States,Allegria Hotel,Long Beach,11561,185,,Long Beach
"Brooklyn,_",United States,Comfort Inn Brooklyn,Brooklyn,11235,190,,Brooklyn
"Bronx,_",United States,Rodeway Inn Bronx Zoo,Bronx,10467,160,,Bronx
"Carteret,_",United States,Holiday Inn Carteret Rahway,Carteret,7008,95,,Carteret
"Fairfield,_",United States,Crowne Plaza Fairfield,Fairfield,7004,162,,Fairfield
"Manhasset,_",United States,Travelodge by Wyndham Manhasset,Manhasset,11030,84,,Manhasset
"Mamaroneck,_",United States,Mamaroneck Motel,Mamaroneck,10543,105,,Mamaroneck
"Keansburg,_",United States,Holly Hill Motel,Keansburg,7734,65,,Keansburg
"Sayreville,_",United States,"Knights Inn South Amboy/Garden State Parkway South, Exit 125",Sayreville,8879,65,,Sayreville
"Dobbs Ferry,_",United States,Hilton Garden Inn Westchester Dobbs Ferry,Dobbs Ferry,10522,148,,Dobbs Ferry
"Edison,_",United States,Raritan Hotel,Edison,8837,60,,Edison
"Paramus,_",United States,Courtyard by Marriott Paramus,Paramus,7652,209,,Paramus
"Tarrytown,_",United States,Tarrytown House Estate on the Hudson,Tarrytown,10591,152,,Tarrytown
"Yonkers,_",United States,Residence Inn by Marriott Yonkers Westchester County,Yonkers,10701,180,,Yonkers
"Staten Island,_",United States,Comfort Inn Staten Island,Staten Island,10314,118,,Staten Island
"Edison,_",United States,E Hotel Banquet & Conference Center,Edison,8837,58,,Edison
"Staten Island,_",United States,Holiday Inn Express Staten Island West,Staten Island,10314,142,,Staten Island
"Westfield,_",United States,Best Western Westfield Inn,Westfield,7090,161,,Westfield
"Port Washington,_",United States,Hilton Garden Inn Roslyn,Port Washington,11050,185,,Port Washington
"Parsippany,_",United States,Ramada by Wyndham Parsippany,Parsippany,7054,85,,Parsippany
"Elmsford,_",United States,"Motel 6 Elmsford, NY",Elmsford,10523,90,,Elmsford
"Avenel,_",United States,Holiday Inn Express Woodbridge,Avenel,7001,121,,Avenel
"Summit,_",United States,The Grand Summit Hotel,Summit,7901,199,,Summit
"Avenel,_",United States,Hollywood Motel,Avenel,7001,52,,Avenel
"Summit,_",United States,The Summit DeBary Inn,Summit,7901,154,,Summit
"Woodbridge,_",United States,Hampton Inn Woodbridge,Woodbridge,7095,129,,Woodbridge
"Fair Lawn,_",United States,Hyatt Place Fair Lawn Paramus,Fair Lawn,7410,189,,Fair Lawn
"Spring Valley,_",United States,Quality Inn Spring Valley - Nanuet,Spring Valley,10977,75,,Spring Valley
"Nanuet,_",United States,Hampton Inn Nanuet,Nanuet,10954,109,,Nanuet
"Rahway,_",United States,"Home2 Suites by Hilton Rahway, NJ",Rahway,7065,125,,Rahway
"New Rochelle,_",United States,Residence Inn By Marriott New Rochelle,New Rochelle,10801,209,,New Rochelle
"Linden,_",United States,Hampton Inn Linden,Linden,7036,124,,Linden
"West Orange,_",United States,Courtyard by Marriott West Orange,West Orange,7052,219,,West Orange
"Long Beach,_",United States,Long Beach Hotel,Long Beach,11561,100,,Long Beach
"Ramsey,_",United States,Extended Stay America Ramsey - Upper Saddle River,Ramsey,7446,94,,Ramsey
"Mahwah,_",United States,Hampton Inn & Suites Mahwah,Mahwah,7430,134,,Mahwah
"Garden City,_",United States,The Garden City Hotel,Garden City,11530,207,,Garden City
"Garden City,_",United States,Hyatt Place Garden City,Garden City,11530,199,,Garden City
"Elmsford,_",United States,La Quinta Inn & Suites White Plains - Elmsford,Elmsford,10523,129,,Elmsford
"Woodbridge,_",United States,Extended Stay America - Woodbridge - Newark,Woodbridge,7095,94,,Woodbridge
"Edison,_",United States,Extended Stay America - Edison - Raritan Center,Edison,8837,85,,Edison
"Mahwah,_",United States,Homewood Suites by Hilton Mahwah,Mahwah,7430,166,,Mahwah
"Mahwah,_",United States,Comfort Suites Mahwah,Mahwah,7430,103,,Mahwah
"Roslyn,_",United States,Holiday Inn Express Roslyn - Manhasset Area,Roslyn,11576,125,,Roslyn
"Rockville Centre,_",United States,Hampton Inn & Suites by Hilton Rockville Centre,Rockville Centre,11570,194,,Rockville Centre
"Westbury,_",United States,Courtyard Westbury Long Island,Westbury,11590,190,,Westbury
"Westbury,_",United States,The Vanderbilt Hotel Suites,Westbury,11590,275,,Westbury
"Ramsey,_",United States,Holiday Inn Express Ramsey-Mahwah,Ramsey,7446,128,,Ramsey
"Wayne,_",United States,Hilton Garden Inn Wayne,Wayne,7470,194,,Wayne
"Wayne,_",United States,Ramada by Wyndham Wayne Fairfield Area,Wayne,7470,73,,Wayne
"Yonkers,_",United States,Ramada by Wyndham Yonkers,Yonkers,10710,101,,Yonkers
"Avenel,_",United States,Comfort Suites at Woodbridge,Avenel,7001,129,,Avenel
"Carle Place,_",United States,Springhill Suites by Marriott Carle Place Garden City,Carle Place,11514,209,,Carle Place
"Paramus,_",United States,Fairfield Inn & Suites by Marriott Paramus,Paramus,7652,214,,Paramus
"New Providence,_",United States,Best Western Plus Murray Hill Hotel and Suites,New Providence,7974,161,,New Providence
"Totowa,_",United States,Holiday Inn Totowa Wayne,Totowa,7512,121,,Totowa
"Syosset,_",United States,Comfort Inn Syosset,Syosset,11791,107,,Syosset
"Parsippany,_",United States,Holiday Inn Hotel & Suites Parsippany Fairfield,Parsippany,7054,180,,Parsippany
"Cranford,_",United States,Homewood Suites by Hilton Newark Cranford,Cranford,7016,155,,Cranford
"Wayne,_",United States,Days Inn by Wyndham Wayne,Wayne,7470,71,,Wayne
"Livingston,_",United States,Westminster Hotel,Livingston,7039,279,,Livingston
"Uniondale,_",United States,Long Island Marriott,Uniondale,11553,129,,Uniondale
"Atlantic Highlands,_",United States,Blue Bay Inn,Atlantic Highlands,7716,159,,Atlantic Highlands
"Paterson,_",United States,Rodeway Inn,Paterson,7501,76,,Paterson
"Fairfield,_",United States,Hampton Inn & Suites Fairfield,Fairfield,7004,197,,Fairfield
"Florham Park,_",United States,Archer Hotel Florham Park,Florham Park,7932,309,,Florham Park
"Haskell,_",United States,Holiday Inn Express Haskell - Wayne Area,Haskell,7420,133,,Haskell
"West Orange,_",United States,The Wilshire Grand Hotel,West Orange,7052,194,,West Orange
"Rahway,_",United States,Super 8 by Wyndham Rahway/Newark,Rahway,7065,80,,Rahway
"West Orange,_",United States,Residence Inn By Marriott West Orange,West Orange,7052,319,,West Orange
"Springfield,_",United States,Hilton Garden Inn Springfield,Springfield,7081,217,,Springfield
"Lynbrook,_",United States,Holiday Inn Express Lynbrook,Lynbrook,11563,177,,Lynbrook
"Garden City,_",United States,Hampton Inn Garden City,Garden City,11530,185,,Garden City
"Park Ridge,_",United States,Park Ridge Marriott,Park Ridge,7656,190,,Park Ridge
"Nyack,_",United States,West Gate Inn Nyack,Nyack,10960,110,,Nyack
"Nanuet,_",United States,Candlewood Suites Nanuet - Rockland County,Nanuet,10954,117,,Nanuet
"Ramsey,_",United States,Ramsey Inn & Suites,Ramsey,7446,95,,Ramsey
"Whippany,_",United States,Americas Best Value Inn Whippany,Whippany,7981,64,,Whippany
"Whippany,_",United States,Extended Stay America - Hanover - Parsippany,Whippany,7981,112,,Whippany
"Carle Place,_",United States,Holiday Inn Westbury - Long Island,Carle Place,11514,191,,Carle Place
"Jericho,_",United States,Meadowbrook Motor Lodge,Jericho,11753,81,,Jericho
"West Harrison,_",United States,HYATT house White Plains,West Harrison,10604,179,,West Harrison
"White Plains,_",United States,Central Motel Courtyard,White Plains,10606,120,,White Plains
"Parsippany,_",United States,Sonesta ES Suites Parsippany,Parsippany,7054,229,,Parsippany
"Tarrytown,_",United States,DoubleTree by Hilton Tarrytown,Tarrytown,10591,168,,Tarrytown
"Westbury,_",United States,Hilton Garden Inn Westbury,Westbury,11590,197,,Westbury
"Parsippany,_",United States,Travelodge by Wyndham Parsippany,Parsippany,7054,61,,Parsippany
"Elmsford,_",United States,Hampton Inn White Plains,Elmsford,10523,172,,Elmsford
"Freeport,_",United States,The Freeport Inn and Marina,Freeport,11520,129,,Freeport
"Iselin,_",United States,Days Inn by Wyndham Iselin / Woodbridge,Iselin,8830,68,,Iselin
"Locust Valley,_",United States,The Tides Motor Inn,Locust Valley,11560,129,,Locust Valley
"Wayne,_",United States,Residence Inn by Marriott Wayne,Wayne,7470,289,,Wayne
"West Nyack,_",United States,Nyack Motor Lodge,West Nyack,10994,80,,West Nyack
"Saddle Brook,_",United States,Garden Plaza Hotel,Saddle Brook,7663,109,,Saddle Brook
"Nanuet,_",United States,Hilton Garden Inn Nanuet,Nanuet,10954,166,,Nanuet
"Woodbridge,_",United States,Residence Inn Woodbridge Edison/Raritan Center,Woodbridge,7095,244,,Woodbridge
"East Hanover,_",United States,FairBridge Hotel & Conference Center East Hanover,East Hanover,7936,66,,East Hanover
"Elmwood Park,_",United States,Townhouse Inn & Suites,Elmwood Park,7407,110,,Elmwood Park
"Woodcliff Lake,_",United States,Hilton Woodcliff Lake,Woodcliff Lake,7677,173,,Woodcliff Lake
"Avenel,_",United States,Fairfield Inn & Suites by Marriott Woodbridge,Avenel,7001,129,,Avenel
"Parsippany,_",United States,Embassy Suites by Hilton Parsippany,Parsippany,7054,193,,Parsippany
"White Plains,_",United States,Crowne Plaza White Plains - Downtown,White Plains,10601,206,,White Plains
"Elmsford,_",United States,Extended Stay America - White Plains - Elmsford,Elmsford,10523,103,,Elmsford
"Pine Brook,_",United States,Knights Inn Pine Brook,Pine Brook,7058,63,,Pine Brook
"Saddle River,_",United States,Residence Inn by Marriott Saddle River,Saddle River,7458,189,,Saddle River
"Tarrytown,_",United States,SpringHill Suites by Marriott Tarrytown Westchester County,Tarrytown,10591,189,,Tarrytown
"Tarrytown,_",United States,Courtyard by Marriott Tarrytown Westchester County,Tarrytown,10591,232,,Tarrytown
"Jericho,_",United States,Hampton Inn Jericho - Westbury,Jericho,11753,166,,Jericho
"Nanuet,_",United States,Days Inn by Wyndham Nanuet / Spring Valley,Nanuet,10954,85,,Nanuet
"Orangeburg,_",United States,Holiday Inn Orangeburg-Rockland/Bergen Co,Orangeburg,10962,136,,Orangeburg
"Rockville Centre,_",United States,Ramada by Wyndham Rockville Centre,Rockville Centre,11570,110,,Rockville Centre
"Montvale,_",United States,Courtyard by Marriott Montvale,Montvale,7645,188,,Montvale
"Pearl River,_",United States,Hilton Pearl River,Pearl River,10965,191,,Pearl River
"Tarrytown,_",United States,Westchester Marriott,Tarrytown,10591,319,,Tarrytown
"Parsippany,_",United States,Sheraton Parsippany Hotel,Parsippany,7054,314,,Parsippany
"West Harrison,_",United States,Renaissance Westchester Hotel,West Harrison,10604,324,,West Harrison
"Nyack,_",United States,Super 8 by Wyndham Nyack NY,Nyack,10960,77,,Nyack
"Parsippany,_",United States,HYATT house Parsippany-East,Parsippany,7054,275,,Parsippany
"Whippany,_",United States,Hanover Marriott,Whippany,7981,378,,Whippany
"Rye,_",United States,Courtyard by Marriott Rye,Rye,10580,249,,Rye
"Elmsford,_",United States,Days Inn by Wyndham Elmsford,Elmsford,10523,88,,Elmsford
"Whippany,_",United States,Red Carpet Inn,Whippany,7981,64,,Whippany
"Edison,_",United States,Sheraton Edison Hotel Raritan Center,Edison,8837,177,,Edison
"Whippany,_",United States,Hyatt House Parsippany/Whippany,Whippany,7981,275,,Whippany
"Morristown,_",United States,Madison Hotel,Morristown,7960,299,,Morristown
"Short Hills,_",United States,Hilton Short Hills,Short Hills,7078,342,,Short Hills